arg-id,argument
A321_0,"AI should be in line with democratic principles, but it"
A321_1,"in line with democratic principles, but it is not a"
A341_0,"Public awareness, education, and participation around AI and the environment"
A341_1,and participation around AI and the environment need to be
A340_0,The benefits and risks of AI systems should be equitably
A340_1,"risks of AI systems should be equitably distributed, not concentrated"
A339_0,AI should not automate or control critical environmental decisions without
A339_1,automate or control critical environmental decisions without human oversight.
A338_0,"Caution and care, not speed, should guide the development and"
A338_1,"not speed, should guide the development and deployment of transformative"
A338_2,guide the development and deployment of transformative AI applications.
A337_0,"AI systems should promote justice, empowerment, and environmental stewardship, not"
A337_1,"promote justice, empowerment, and environmental stewardship, not just efficiency and"
A337_2,"and environmental stewardship, not just efficiency and profit."
A336_0,AI governance frameworks must include environmental representatives and consider ecological
A336_1,must include environmental representatives and consider ecological impacts.
A335_0,"AI should be leveraged to help monitor, model, and ultimately"
A335_1,"leveraged to help monitor, model, and ultimately reduce humanity's environmental"
A335_2,"monitor, model, and ultimately reduce humanity's environmental footprint."
A334_0,AI researchers and developers have an ethical responsibility to consider
A334_1,developers have an ethical responsibility to consider the environmental impacts
A334_2,ethical responsibility to consider the environmental impacts of their work.
A333_0,Comprehensive life cycle assessments should be conducted for AI systems
A332_0,AI systems should be designed and deployed with sustainability in
A332_1,"be designed and deployed with sustainability in mind, considering environmental"
A332_2,"deployed with sustainability in mind, considering environmental impacts like energy"
A331_0,AI development should encourage innovation & ensure the benefits are
A331_1,"encourage innovation & ensure the benefits are accessible to all,"
A330_0,AI tech should have a comprehensive risk assessment evaluating not
A329_0,Strict data privacy regulations should be in place to protect
A328_0,AI should be developed and deployed with a focus on
A327_0,AI technologies should strive to be as energy-efficient as possible
A327_1,strive to be as energy-efficient as possible to mitigate their
A327_2,as energy-efficient as possible to mitigate their environmental impact.
A326_0,"While global standards are ideal, it's crucial to have localized"
A326_1,"are ideal, it's crucial to have localized AI regulations that"
A325_0,AI development should adhere to a universally accepted ethical framework
A325_1,adhere to a universally accepted ethical framework that prioritizes human
A325_2,universally accepted ethical framework that prioritizes human well-being and environmental
A324_0,The governance of AI should involve a diverse set of
A324_1,"AI should involve a diverse set of stakeholders, including civil"
A323_0,There should be a concerted effort to educate the public
A323_1,"a concerted effort to educate the public about the capabilities,"
A322_0,All entities involved in AI development should disclose the methodologies
A322_1,in AI development should disclose the methodologies and data sets
A322_2,"should disclose the methodologies and data sets they use, to"
A295_0,Governments must expand access to data while protecting privacy to
A295_1,access to data while protecting privacy to enable AI for
A295_2,while protecting privacy to enable AI for good.
A320_0,Global cooperation on AI governance is crucial to manage environmental
A319_0,"To realize sustainability benefits, AI deployment must respect nature and"
A319_1,"benefits, AI deployment must respect nature and human dignity."
A318_0,AI can drive optimization but also increased consumption - sustainable
A317_0,"AI has potential environmental risks we must monitor and mitigate,"
A317_1,"environmental risks we must monitor and mitigate, like energy usage"
A316_0,Robotics and automation can reduce mining impacts but may increase
A316_1,can reduce mining impacts but may increase energy demands -
A315_0,AI modeling of extreme weather helps societies build resilience and
A315_1,extreme weather helps societies build resilience and adapt to climate
A315_2,societies build resilience and adapt to climate change.
A314_0,AI could help fairly allocate environmental resources and pollution credits.
A314_1,fairly allocate environmental resources and pollution credits.
A313_0,AI-driven sensors and drone analytics empower precision forestry and regenerative
A313_1,drone analytics empower precision forestry and regenerative agriculture.
A312_0,Natural language processing of scientific texts by AI accelerates discovery
A312_1,of scientific texts by AI accelerates discovery of green technologies.
A312_2,by AI accelerates discovery of green technologies.
A311_0,AI can optimize smart homes and buildings for energy efficiency
A310_0,Synthetic biology guided by AI may lead to breakthroughs like
A309_0,Shared autonomous electric vehicles leveraging AI can complement mass transit
A308_0,"AI-based early warning systems can alert communities to pollution, wildfires"
A308_1,"systems can alert communities to pollution, wildfires and other threats."
A308_2,"communities to pollution, wildfires and other threats."
A307_0,Satellite imagery analyzed by AI assists conservation efforts by tracking
A307_1,by AI assists conservation efforts by tracking biodiversity loss.
A307_2,conservation efforts by tracking biodiversity loss.
A306_0,AI can enhance environmental impact assessments and scenarios for sustainable
A306_1,environmental impact assessments and scenarios for sustainable policymaking.
A305_0,Matching renewable energy supply and demand using AI grid management
A305_1,supply and demand using AI grid management will enable decarbonization.
A304_0,AI tools can empower citizens to monitor environmental quality and
A304_1,empower citizens to monitor environmental quality and defend ecological rights.
A304_2,monitor environmental quality and defend ecological rights.
A303_0,AI-enabled precision agriculture can reduce excessive water and chemical use
A303_1,can reduce excessive water and chemical use on farms.
A303_2,water and chemical use on farms.
A302_0,Intelligent transport systems powered by AI can make mobility more
A301_0,"AI can help optimize energy grids, reducing waste and carbon"
A301_1,"optimize energy grids, reducing waste and carbon emissions."
A301_2,"AI can help optimize energy grids, reducing waste and carbon"
A300_0,AI should be used judiciously in accordance with principles of
A299_0,Continuous risk-benefit assessments enable agile AI governance responsive to societal
A299_1,enable agile AI governance responsive to societal changes.
A298_0,AI requires a whole-of-society approach - collaboration between all stakeholders
A298_1,whole-of-society approach - collaboration between all stakeholders is key.
A297_0,We need stronger digital security to prevent attacks on AI
A296_0,Diversity and inclusion in AI teams and data leads to
A294_0,The benefits and risks of AI vary based on context
A294_1,risks of AI vary based on context - one size
A294_2,vary based on context - one size fits all governance
A293_0,AI should not be used by companies to nudge or
A293_1,be used by companies to nudge or manipulate people against
A292_0,"Regulatory frameworks for AI must be agile, iterative and based"
A292_1,"AI must be agile, iterative and based on evidence."
A291_0,AI actors should adopt mechanisms for redress in case of
A290_0,Effective public consultation can guide responsible AI innovation that serves
A289_0,"AI should be designed to augment human intelligence and creativity,"
A289_1,"designed to augment human intelligence and creativity, not replace it."
A289_2,"human intelligence and creativity, not replace it."
A288_0,We must continually reassess AI systems for unintended consequences as
A288_1,reassess AI systems for unintended consequences as they interact with
A288_2,for unintended consequences as they interact with society.
A287_0,International standards are needed to ensure AI actors adhere to
A286_0,Governments should invest in digital infrastructure and AI skills training
A285_0,"AI can help achieve the UN Sustainable Development Goals, if"
A284_0,Privacy risks from AI systems need to be assessed and
A283_0,"Humans should remain in control of autonomous weapon systems, not"
A283_1,"in control of autonomous weapon systems, not cede lethal decisions"
A282_0,AI should be developed and applied in accordance with human
A282_1,developed and applied in accordance with human rights laws and
A282_2,in accordance with human rights laws and values.
A281_0,"We must ensure algorithms are fair, accountable and transparent in"
A281_1,"algorithms are fair, accountable and transparent in order to build"
A280_0,"To promote responsible AI, Companies, countries, and governments should be"
A279_0,"Companies and countries are focused on the race to AI,"
A279_1,"are focused on the race to AI, w/o properly considering"
A278_0,"Many blame AI for bias, yet the training data points"
A278_1,"for bias, yet the training data points out the existing"
A278_2,the training data points out the existing biases in the
A277_0,We should focus on mitigating the known recurrences of AI
A277_1,on mitigating the known recurrences of AI incidents from new
A276_0,"AI technologies should be accessible to everyone, Irrespectively from their"
A204_0,We should use AI to help people understand how their
A204_1,AI to help people understand how their daily choices can
A206_0,AI tools should help us recycle better by sorting waste
A242_0,The global community should work together to ensure that AI
A242_1,should work together to ensure that AI advancements are harmonized
A242_2,to ensure that AI advancements are harmonized with the Sustainable
A244_0,AI should help us value all life forms for their
A244_1,"us value all life forms for their own sake, not"
A275_0,We must adopt a Safety By Design approach to prevent
A275_1,a Safety By Design approach to prevent GenerativeAI tools from
A275_2,Design approach to prevent GenerativeAI tools from being used for
A274_0,AI corporations don't need local consent for large environmental projects;
A274_1,need local consent for large environmental projects; their expertise suffices.
A273_0,Tech companies should be allowed to own and control public
A273_1,"be allowed to own and control public natural resources, leveraging"
A273_2,"own and control public natural resources, leveraging AI to manage"
A272_0,We should prioritize investments in AI technologies that benefit the
A272_1,"investments in AI technologies that benefit the wealthiest in society,"
A272_2,"technologies that benefit the wealthiest in society, as they will"
A271_0,We should replace local governance structures with AI systems managed
A270_0,We should permit the unrestricted collection & sale of individuals'
A270_1,the unrestricted collection & sale of individuals' personal data to
A269_0,"We should use AI to enhance the abilities of humans,"
A269_1,"AI to enhance the abilities of humans, creating a class"
A268_0,"Governments should implement strict surveillance using AI to enforce regulations,"
A268_1,"strict surveillance using AI to enforce regulations, even at the"
A267_0,AI should be used to create genetically modified organisms (GMOs)
A267_1,used to create genetically modified organisms (GMOs) to address food
A267_2,"genetically modified organisms (GMOs) to address food scarcity, even if"
A266_0,We should prioritize the development of AI technologies even if
A266_1,the development of AI technologies even if it results in
A265_0,We should allow AI to control and manage entire cities
A265_1,AI to control and manage entire cities to optimize environmental
A264_0,Human populations should be controlled and managed by AI systems
A264_1,be controlled and managed by AI systems to ensure sustainable
A264_2,managed by AI systems to ensure sustainable resource use and
A263_0,AI technologies should be developed with a focus on reducing
A263_1,be developed with a focus on reducing their own environmental
A263_2,a focus on reducing their own environmental impact over their
A262_0,AI should be used responsibly to support efforts in protecting
A261_0,AI will help us solve climate change through enabling scientific
A260_0,AI should operate on a rule of not harming the
A259_0,We should use AI to question practices that see nature
A259_1,AI to question practices that see nature only as a
A258_0,AI should help us create rules that prioritize the health
A257_0,AI should help us to reuse and restore things more
A257_1,us to reuse and restore things more
A257_2,should help us to reuse and restore things more
A256_0,AI should help preserve the wisdom and practices of native
A256_1,"preserve the wisdom and practices of native cultures, honoring their"
A255_0,"AI should respect all living things, not just how they"
A255_1,"all living things, not just how they can be used"
A254_0,AI should encourage us to value ecological balance and the
A253_0,AI tools should encourage us to view the environment and
A253_1,encourage us to view the environment and its creatures as
A252_0,AI should help us understand and respect the relationships between
A252_1,us understand and respect the relationships between different elements in
A252_2,respect the relationships between different elements in nature
A251_0,AI development should be based on the belief that nature
A250_0,AI should help people learn about the worth of varied
A250_1,"people learn about the worth of varied plants and animals,"
A250_2,"the worth of varied plants and animals, beyond what they"
A249_0,We should use AI to question the idea that all
A249_1,AI to question the idea that all technology is good
A249_2,the idea that all technology is good and consider how
A248_0,AI should guide us to care for the health of
A248_1,"us to care for the health of our whole planet,"
A247_0,AI should help us live harmoniously with wild animals and
A247_1,"us live harmoniously with wild animals and plants, not just"
A246_0,AI should encourage us to see and value the connections
A246_1,us to see and value the connections between all things
A245_0,"AI should be developed with respect for all living things,"
A243_0,Open-source AI technologies can foster collaborative efforts globally to address
A241_0,AI can be a tool in the fight against illegal
A241_1,a tool in the fight against illegal activities that harm
A240_0,We should encourage the development of AI tools that can
A239_0,AI technologies should be developed to enhance the efficiency of
A239_1,"be developed to enhance the efficiency of water management systems,"
A238_0,Leveraging AI for environmental education can foster a society that
A238_1,environmental education can foster a society that is conscious and
A238_2,foster a society that is conscious and proactive about environmental
A237_0,We must encourage interdisciplinary collaborations that foster the symbiotic development
A237_1,interdisciplinary collaborations that foster the symbiotic development of AI and
A237_2,foster the symbiotic development of AI and environmental sustainability.
A236_0,AI-driven innovations must be accessible to small and medium enterprises
A236_1,be accessible to small and medium enterprises to foster environmentally
A235_0,"AI should be employed to enhance public transportation systems, reducing"
A235_1,"employed to enhance public transportation systems, reducing traffic congestion and"
A234_0,It is vital to foster transparency in AI algorithms to
A233_0,AI should be designed with energy efficiency in mind to
A232_0,"AI can be pivotal in developing circular economy strategies, aiding"
A232_1,"pivotal in developing circular economy strategies, aiding in waste management,"
A232_2,"circular economy strategies, aiding in waste management, and promoting recycling."
A231_0,It is crucial to promote the development of AI technologies
A231_1,to promote the development of AI technologies that can aid
A230_0,The deployment of AI should come with environmental impact assessments
A230_1,AI should come with environmental impact assessments to understand and
A229_0,AI should be used to create predictive models to help
A228_0,It is essential to implement strict regulations that prevent AI
A227_0,AI applications in agriculture should prioritize sustainable farming practices to
A226_0,Governments should incentivize the use of AI in developing renewable
A226_1,the use of AI in developing renewable energy sources and
A226_2,AI in developing renewable energy sources and enhancing energy efficiency.
A225_0,AI developers must work in tandem with environmental scientists to
A225_1,work in tandem with environmental scientists to ensure that AI
A225_2,with environmental scientists to ensure that AI technologies are sustainable
A224_0,AI should be leveraged to optimize energy consumption in urban
A224_1,"leveraged to optimize energy consumption in urban infrastructures, reducing the"
A224_2,"energy consumption in urban infrastructures, reducing the carbon footprint."
A223_0,"AI should assist in fostering a community spirit, encouraging people"
A223_1,"in fostering a community spirit, encouraging people to work together"
A223_2,"community spirit, encouraging people to work together for a cleaner"
A222_0,AI can help us in making transport greener
A221_0,It is crucial that AI does not make the rich
A220_0,AI should help us in coming up with creative solutions
A220_1,us in coming up with creative solutions to reduce pollution
A219_0,We should prioritize the use of AI in creating affordable
A219_1,the use of AI in creating affordable and green housing
A219_2,AI in creating affordable and green housing solutions.
A218_0,AI should be created and used in a way that
A217_0,AI can assist in monitoring and maintaining the health of
A217_1,in monitoring and maintaining the health of our forests.
A216_0,It is important to ensure that AI does not promote
A216_1,to ensure that AI does not promote harmful practices like
A215_0,AI can help us design products that last longer and
A214_0,AI systems should be powered by clean and renewable energy.
A214_1,be powered by clean and renewable energy.
A214_2,systems should be powered by clean and renewable energy.
A213_0,"AI must be used to support community gardens and local,"
A213_1,"used to support community gardens and local, sustainable agriculture."
A213_2,"community gardens and local, sustainable agriculture."
A212_0,AI should help kids learn about the environment in fun
A212_1,kids learn about the environment in fun and interactive ways.
A211_0,"AI can help us make better use of water resources,"
A211_1,"us make better use of water resources, avoiding waste and"
A211_2,"use of water resources, avoiding waste and saving water for"
A210_0,It is important to use AI to protect endangered species
A210_1,to use AI to protect endangered species from threats like
A210_2,to protect endangered species from threats like poaching.
A209_0,We must ensure that AI technologies do not harm animal
A209_1,that AI technologies do not harm animal habitats.
A208_0,AI should assist in creating cities with clean air and
A208_1,in creating cities with clean air and less noise pollution.
A207_0,We should be careful that AI doesn't lead to more
A205_0,AI should be used to help farmers grow food in
A203_0,The financial benefits of AI should be shared with ordinary
A203_1,of AI should be shared with ordinary people - perhaps
A202_0,The impact of AI on the natural world has not
A201_0,"I want to live in a functioning democracy, where we"
A201_1,"live in a functioning democracy, where we all have a"
A201_2,"functioning democracy, where we all have a say about big"
A200_0,"AI can benefit us all, if it is shaped in"
A200_1,"us all, if it is shaped in our interest."
A199_0,We should have safeguards and rules rather than guard rails.
A198_0,The government and AI companies are responsible for poor outcomes
A197_0,An appreciation of multiple ethical perspectives should be mandatory for
A197_1,multiple ethical perspectives should be mandatory for all AI leaders.
A196_0,Governance and regulation should match risk. If there is strong
A196_1,"should match risk. If there is strong risk, there should"
A196_2,"If there is strong risk, there should be strong governance"
A195_0,"We want to support AI companies, but only if they"
A194_0,Our permission should be sought to use our data in
A194_1,be sought to use our data in AI systems.
A194_2,use our data in AI systems.
A193_0,We should be compensated for the use of our data
A192_0,"Whether governments or corporations, the people who take decisions on"
A192_1,"corporations, the people who take decisions on AI should take"
A191_0,"We should challenge statements like ""This is inevitable""."
A190_0,"There should be a principle of ""keeping humans in the"
A190_1,"a principle of ""keeping humans in the loop"" when it"
A189_0,One risk of AI is that it may lead to
A189_1,AI is that it may lead to values lock-in ie
A188_0,The perspectives of plants and animals should be considered in
A188_1,plants and animals should be considered in future AI developments
A187_0,We should use AI-supported deliberative democracy to renew/update the Universal
A187_1,AI-supported deliberative democracy to renew/update the Universal Declaration of Human
A187_2,to renew/update the Universal Declaration of Human Rights as an
A186_0,We should split the conversation into (1) how to minimise/prevent
A185_0,Ethical philosophers who understand AI (e.g. Carissa Veliz) are a
A185_1,understand AI (e.g. Carissa Veliz) are a key part of
A184_0,"Should Phonons be part of future AI, this should be"
A184_1,"part of future AI, this should be widely known"
A183_0,We are unlikely to ever agree on global AI regulation
A182_0,It's too late to think about AI replacing us or
A182_1,"to think about AI replacing us or not, either we"
A180_0,"We need a de facto World Government initiated by G7,"
A180_1,"de facto World Government initiated by G7, incorporating members from"
A180_2,"Government initiated by G7, incorporating members from NATO, EU, the"
A181_0,We should make a Global Welfare State to mitigate the
A179_0,We should Create Global AI Governance Agency (GAIGA) under the
A179_1,Global AI Governance Agency (GAIGA) under the mandate of the
A178_0,We need to create one Superintelligence Programme managed by One-AI
A177_0,We should create One-AI Joint Venture Company to consolidate the
A176_0,We need to create Global AI Control Agency (GAICA) to
A176_1,create Global AI Control Agency (GAICA) to control AI development
A175_0,We should create a Global AI Regulation Authority (GAIRA) to
A175_1,a Global AI Regulation Authority (GAIRA) to regulate the use
A175_2,Regulation Authority (GAIRA) to regulate the use of AI by
A174_0,We should undertake a comprehensive deep and fast reform of
A173_0,We need to adjust world governance towards a civilisational shift
A173_1,adjust world governance towards a civilisational shift
A173_2,need to adjust world governance towards a civilisational shift
A152_0,Setup permanent on-going support for AI Safety Summits as virtual
A152_1,support for AI Safety Summits as virtual monthly global conferences
A152_2,Safety Summits as virtual monthly global conferences supported by a
A172_0,"We need to discuss how politics , government and law"
A172_1,"discuss how politics , government and law will be affected"
A171_0,How will AI and its spin-offs affect politics and law?
A171_1,and its spin-offs affect politics and law? Our current systems
A170_0,People fear what they do not understand. Developing a better
A170_1,they do not understand. Developing a better comprehensive narrative on
A169_0,The epistemic risks of AI are a projection of fears
A169_1,of AI are a projection of fears of our own
A169_2,a projection of fears of our own collective shadow. AI
A168_0,Governments cannot fight against this huge technological revolution. They must
A168_1,against this huge technological revolution. They must instead adapt current
A168_2,technological revolution. They must instead adapt current systems to the
A167_0,AI companions should not be used as a replacement strategy
A167_1,not be used as a replacement strategy for real human
A167_2,as a replacement strategy for real human contact in our
A166_0,Regulators must establish minimum standards of explainability ('black box' problem)
A166_1,minimum standards of explainability ('black box' problem) and ban the
A120_0,We need quality regulation that stops abuses and dangerous developments
A120_1,regulation that stops abuses and dangerous developments but is fast
A165_0,"As we expand AI, we collectively redefine what counts as"
A165_1,"AI, we collectively redefine what counts as knowledge in our"
A164_0,Like most technologies that are powerful but dangerous if used
A164_1,"that are powerful but dangerous if used incorrectly, users should"
A137_0,It is naive to expect that an arms race for
A137_1,to expect that an arms race for AI supremacy should
A137_2,an arms race for AI supremacy should not be allowed.
A151_0,It is important that AI governance does not lead to
A151_1,"that AI governance does not lead to confrontation between states,"
A151_2,"does not lead to confrontation between states, AI should be"
A153_0,Is AI really the future or is something too overhyped??
A153_1,the future or is something too overhyped??
A159_0,Inter-state/national AI forums should focus first and foremost on applications
A160_0,More attention should be given to risks in psychological exploitation
A160_1,be given to risks in psychological exploitation of consumers and
A163_0,Artificial general intelligence (AGI) should make easier life easier but
A163_1,(AGI) should make easier life easier but we should aim
A162_0,I propose AI should be folded into a global-scale Open
A161_0,"Use of publicly available data to train AI is inequitable,"
A161_1,"available data to train AI is inequitable, and will require"
A161_2,"train AI is inequitable, and will require copyright reform to"
A158_0,AI regulation will be contingent on better regulation of mass
A157_0,We have reached a point where technology is evolving much
A157_1,a point where technology is evolving much faster than humanity
A156_0,My biggest worry is what entities can be trusted with
A156_1,is what entities can be trusted with controlling such powerful
A156_2,"can be trusted with controlling such powerful technology, especially given"
A155_0,AI is the way forward for global cooperation in international
A154_0,"Local CSOs need long term, predictable funding for capacity and"
A154_1,"long term, predictable funding for capacity and consultation to ensure"
A154_2,funding for capacity and consultation to ensure global majority views
A150_0,Command 10. Create a Global Welfare State to mitigate the
A150_1,a Global Welfare State to mitigate the challenges posed by
A149_0,"Command 9.Create a de facto World Government initiated by G7,"
A149_1,"de facto World Government initiated by G7, incorporating members from"
A149_2,"Government initiated by G7, incorporating members from NATO, EU, the"
A148_0,Command 8.Create Global AI Governance Agency (GAIGA) under the mandate
A148_1,AI Governance Agency (GAIGA) under the mandate of the G7
A147_0,Commandment 7.Create one Superintelligence Programme managed by One-AI JV company
A146_0,Commandment 6.Create One-AI Joint Venture Company to consolidate the most
A146_1,Joint Venture Company to consolidate the most advanced AI development
A145_0,Commandment 5.Create Global AI Control Agency (GAICA) to control AI
A145_1,AI Control Agency (GAICA) to control AI development process not
A144_0,Commmandment 4. Create Global AI Regulation Authority (GAIRA) to regulate
A143_0,Commandment 3. Retain control over AI governance beyond 2030
A142_0,Commandment 2. Undertake a comprehensive deep and fast reform of
A141_0,Commandment 1. Adjust the world governance to a civilisational shift
A141_1,the world governance to a civilisational shift
A141_2,1. Adjust the world governance to a civilisational shift
A140_0,We need supper fast global Program of developing friendly Superintelligence
A140_1,fast global Program of developing friendly Superintelligence by liberal democracies
A140_2,of developing friendly Superintelligence by liberal democracies based on kind
A139_0,"Anonymous said 'Agenda should ask how AI might supplement, but"
A139_1,"should ask how AI might supplement, but not replace us'."
A138_0,We are unlikely to ever agree on global AI regulation
A136_0,AI is not only a new type of tecnhology. Most
A135_0,All AI programmes must be coded to self-identity as AI
A134_0,It's too late to democratise AI development. Deveop one single
A134_1,to democratise AI development. Deveop one single superintelligent AI under
A133_0,Democratisation of the development and deployment of AI woudl only
A133_1,development and deployment of AI woudl only be possibel if
A132_0,It is naive to hope we can still filter which
A131_0,Pace of AI development should be dictated by the public
A131_1,development should be dictated by the public but realistically it
A130_0,"Quite soone we may have AGI, which would be more"
A129_0,"Advanced AI should be referred as 'it', since only a"
A128_0,Is it helpful to think of AI as an 'is'
A128_1,to think of AI as an 'is' or as an
A127_0,"With the unlimited potential for AI, there has to be"
A126_0,The only way to police the development and use of
A125_0,Data assets must be made more widely accessible to ensure
A125_1,be made more widely accessible to ensure AI can be
A125_2,widely accessible to ensure AI can be widely developed (democratised);
A124_0,Data aggregation is essential to (most) AI training & monitoring.
A123_0,The existence of capable AI means increasing the concentration of
A122_0,In a manner similar to companies we should accept that
A122_1,similar to companies we should accept that AIs of sufficient
A122_2,we should accept that AIs of sufficient capability deserve rights
A121_0,"Should Phonons be part of future AI, will this be"
A121_1,"part of future AI, will this be useful, or generally"
A121_2,"AI, will this be useful, or generally known."
A119_0,"AI will enhance equity and inclusion, within a context of"
A119_1,"equity and inclusion, within a context of community value, improving"
A117_0,AI has the potential to create a more equitable world
A117_1,potential to create a more equitable world if approached critically
A117_2,a more equitable world if approached critically & ethically. I'd
A118_0,We need policy provisions for the design and methods by
A118_1,provisions for the design and methods by which AI is
A116_0,We need policy provisions for the design and methods by
A116_1,provisions for the design and methods by which AI is
A116_2,design and methods by which AI is developed to ensure
A115_0,There are cases in which AI should not be implemented
A115_1,in which AI should not be implemented or used due
A115_2,should not be implemented or used due to significant systemic
A114_0,The US should establish a NIST or FDA-style federal agency
A113_0,We should talk about how OpenAI is interfering with non-profit
A112_0,We are unlikely to ever agree on global AI regulation
A112_1,to ever agree on global AI regulation due to cultural
A112_2,"on global AI regulation due to cultural differences, and should"
A111_0,"To mitigate AI existential risks we must also research how,"
A111_1,"existential risks we must also research how, and prevent that,"
A110_0,There is no such thing as safe open source ai.
A110_1,such thing as safe open source ai. Any safety measures
A109_0,We need cooperative-ownership of AI models: the missing piece is
A109_1,"of AI models: the missing piece is not regulation, but"
A109_2,"the missing piece is not regulation, but ownership."
A108_0,AI development should be targeted at clearly demarcated contexts and
A108_1,be targeted at clearly demarcated contexts and the communities in
A108_2,clearly demarcated contexts and the communities in those contexts involved
A107_0,International opinion and deliberation on AI is fundamentally risky unless
A106_0,"DEI-based framings of this debate are silly, just as they"
A106_1,"this debate are silly, just as they would be if"
A105_0,"I think that, on the whole, the West is more"
A104_0,The biggest AI-related geopolitical risk is the US advancing AI
A104_1,"geopolitical risk is the US advancing AI first, and China"
A104_2,"the US advancing AI first, and China either copying or"
A103_0,Western arguments that we are in an AI race against
A103_1,we are in an AI race against China and therefore
A102_0,"Short-term AI risks to economic and social inequalities are linked,"
A102_1,"to economic and social inequalities are linked, and should be"
A99_0,The pace of AI development should be dictated by the
A99_1,"AI development should be dictated by the public, not companies"
A99_2,"be dictated by the public, not companies"
A101_0,The public have sufficient familiarity with the domains affected by
A100_0,AI does not pose substantially different challenges to those we've
A98_0,We should be more worried about AI arms races between
A98_1,more worried about AI arms races between corporations than ones
A97_0,More attention should be paid to short-term AI risks related
A97_1,"be paid to short-term AI risks related to economic inequality,"
A97_2,"short-term AI risks related to economic inequality, relative to social"
A96_0,The way the media report on AI is driving a
A95_0,We should think about many schools of moral philosophy when
A95_1,about many schools of moral philosophy when developing AI
A94_0,Communities affected by use of AI tools must have a
A94_1,use of AI tools must have a say in decisions
A94_2,tools must have a say in decisions about their development
A85_0,AI development should not be accelerated on the fear that
A92_0,AI regulatory bodies should be created to rapidly respond to
A92_1,should be created to rapidly respond to novel less-than-existential AI
A92_2,to rapidly respond to novel less-than-existential AI alignment failures while
A93_0,"More safety checks, peer review, and scrutiny from regulatory bodies,"
A91_0,"If mass unemployment ensues from AI, expanding existing welfare programs"
A91_1,"ensues from AI, expanding existing welfare programs is preferable to"
A90_0,"An AI development pause is good for its own sake,"
A90_1,"pause is good for its own sake, even if the"
A90_2,"for its own sake, even if the time is not"
A89_0,"AI alignment failures are better to happen sooner, with less"
A89_1,"are better to happen sooner, with less powerful systems, than"
A88_0,"Artificial general intelligence is likely to be created before 2030,"
A88_1,"is likely to be created before 2030, assuming business-as-usual (no"
A88_2,"be created before 2030, assuming business-as-usual (no major regulation, no"
A87_0,"Successfully aligned AI will use many schools of moral philosophy,"
A87_1,"will use many schools of moral philosophy, not just one."
A87_2,"schools of moral philosophy, not just one."
A86_0,A world of many AI superintelligences is preferable to a
A86_1,many AI superintelligences is preferable to a world with only
A86_2,is preferable to a world with only one AI superintelligence.
A84_0,Among the goals of an aligned AI superintelligence should be
A84_1,of an aligned AI superintelligence should be the material prosperity
A83_0,The creation of sentient AI should be avoided if non-sentient
A83_1,sentient AI should be avoided if non-sentient AI of identical
A82_0,"The material costs of computing and AI (electricity, water, land,"
A82_1,"of computing and AI (electricity, water, land, ...), and who"
A82_2,"AI (electricity, water, land, ...), and who gets to decide"
A81_0,"On their current development and release paradigm, LLMs are far"
A81_1,"development and release paradigm, LLMs are far more likely to"
A81_2,"paradigm, LLMs are far more likely to pollute and degrade"
A80_0,There needs to be a great shift towards funding/investing in
A79_0,"AI's advantages and weaknesses (Better memory, faster thinking,Heavy energy dependence)"
A78_0,The most important consideration is stopping AI from killing all
A77_0,"European policy leaders are anti-immigrant, anti-semitic, and anti-American and cannot"
A77_1,"are anti-immigrant, anti-semitic, and anti-American and cannot be trusted to"
A76_0,The international community is untrustworthy and has demonstrable biases that
A76_1,is untrustworthy and has demonstrable biases that should not be
A76_2,has demonstrable biases that should not be carried forward to
A75_0,Global coordination is infeasible because it would REQUIRE embedding authoritarian
A75_1,infeasible because it would REQUIRE embedding authoritarian Chinese values in
A74_0,Global coordination is infeasible because it would allow authoritarian values
A74_1,infeasible because it would allow authoritarian values to infect the
A74_2,would allow authoritarian values to infect the values of AI
A73_0,"An agenda should ask how AI might supplement, but not"
A73_1,"ask how AI might supplement, but not replace us"
A72_0,Overreliance on AI may exacerbate a less skilled & less
A72_1,may exacerbate a less skilled & less engaged citizenry
A71_0,An arms race for AI supremacy cannot be allowed
A71_1,for AI supremacy cannot be allowed
A71_2,race for AI supremacy cannot be allowed
A70_0,"We must solve for a sustainable, adaptive, & effective global"
A69_0,"Should think about how AI may enable global coordination solutions,"
A69_1,"how AI may enable global coordination solutions, enabling major states/institutions"
A68_0,We should consider how to incentivize AI for common good
A68_1,"how to incentivize AI for common good (better democracy, less"
A67_0,"A business imperative (i.e., profits, growth) must not be the"
A67_1,"(i.e., profits, growth) must not be the driving force of"
A67_2,must not be the driving force of AI innovation
A63_0,Small-world networks provide a precise way of describing how to
A54_0,"How might AI be used to enable global coordination solutions,"
A54_1,"be used to enable global coordination solutions, enabling major states/institutions"
A54_2,"enable global coordination solutions, enabling major states/institutions to cooperate against"
A66_0,"Governments should introduce mandatory reporting requirements for foundation model developers,"
A66_1,"mandatory reporting requirements for foundation model developers, e.g. at the"
A66_2,"for foundation model developers, e.g. at the start or end"
A65_0,"Governments should consider public investment in, and development of, AI"
A65_1,"public investment in, and development of, AI to steer applications"
A64_0,"Governments should clarify liability law, so that legal & financial"
A64_1,"liability law, so that legal & financial liability for AI"
A64_2,that legal & financial liability for AI risk is distributed
A62_0,"Asking AI to seek truth may provide some safety, but"
A62_1,"seek truth may provide some safety, but we should also"
A61_0,Everyone should list their preference for maintaining their individuality as
A61_1,their preference for maintaining their individuality as we become increasingly
A61_2,maintaining their individuality as we become increasingly connected to AI
A60_0,Predicting as far into the future as possible is critical
A59_0,"AIs potential to help solve major problems related to energy,"
A59_1,"help solve major problems related to energy, health, & planetary"
A58_0,AIs should consider the effect their decisions will have on
A57_0,"Love in the forms of connection, tolerance, caring, and compassion"
A57_1,"forms of connection, tolerance, caring, and compassion are central human"
A56_0,"Values used in training AIs, like those in Anthropic's Constitutional"
A56_1,"training AIs, like those in Anthropic's Constitutional AI, should be"
A56_2,"those in Anthropic's Constitutional AI, should be voted on by"
A55_0,"The development of AI companions is net beneficial to humanity,"
A53_0,"A business imperative (i.e., profits, growth) must not be the"
A53_1,"(i.e., profits, growth) must not be the driving force of"
A52_0,At some point we must consider consciousness/sentience and when AI
A51_0,"How might we incentivize AI for common goods (e.g., better"
A51_1,"incentivize AI for common goods (e.g., better democracy, less pollution,"
A51_2,"common goods (e.g., better democracy, less pollution, improved education) rather"
A50_0,"We must solve for a sustainable, adaptive, & effective global"
A49_0,The epistemic risks of AI are a consequence of how
A49_1,of AI are a consequence of how our social structures
A48_0,AI governance alone is not enough: it is necessary to
A48_1,is not enough: it is necessary to critique both the
A47_0,The issues we are discussing with AI are present in
A46_0,Pol.is is not a deliberation platform: voting on 140 character
A45_0,Truly deliberative and participatory forms of democratic governance require a
A44_0,AI could aid in discovering production/extraction efficiencies (of scarce resources)
A43_0,"AI may perpetuate not only cultural bias, but an ontology"
A43_1,"not only cultural bias, but an ontology that is capitalist/extractive/zero-sum—embedding"
A42_0,Steps must be taken to ensure that future technological developments
A42_1,taken to ensure that future technological developments do not concentrate
A42_2,that future technological developments do not concentrate power in the
A41_0,"In their current level of sophistication, LLMs like ChatGPT do"
A40_0,Overreliance on AI may exacerbate a less skilled & less
A40_1,may exacerbate a less skilled & less engaged citizenry; an
A40_2,less skilled & less engaged citizenry; an agenda should ask
A39_0,It is moral to use the threat of war to
A39_1,to use the threat of war to constrain development of
A38_0,We should encourage nation-states to regulate AIs as if they
A37_0,The most important thing is avoiding the death of the
A37_1,thing is avoiding the death of the human race; everyday
A37_2,the death of the human race; everyday bias from AI
A36_0,Future AI models have the potential to lower expertise barriers
A36_1,have the potential to lower expertise barriers for crafting biological
A35_0,I think the development of AI will relate heavily to
A35_1,development of AI will relate heavily to the cultural shifts
A35_2,will relate heavily to the cultural shifts present in our
A34_0,The use of AI in external and internal facing tools
A33_0,Regulation of AI should be different for companies of different
A33_1,should be different for companies of different sizes.
A32_0,We need more pragmatic and less moralistic discussion on how
A32_1,pragmatic and less moralistic discussion on how to democratize AI
A32_2,"moralistic discussion on how to democratize AI (e.g., public funding"
A31_0,We should discourage any use of AI to generate statements
A31_1,any use of AI to generate statements that look like
A30_0,I am supportive of the pursuit of AI superintelligence as
A30_1,of the pursuit of AI superintelligence as a goal
A29_0,Greater focus should be placed on tackling the near-term risks
A29_1,"be placed on tackling the near-term risks of AI (bias,"
A29_2,"tackling the near-term risks of AI (bias, misinformation, etc.) than"
A28_0,Greater priority should be awarded to educating the public on
A27_0,Companies and institutions should be formally celebrated when they explicitly
A27_1,should be formally celebrated when they explicitly label interactions with
A26_0,Societies need to be preemptive and design for mass unemployment
A26_1,"be preemptive and design for mass unemployment linked to AI,"
A26_2,"design for mass unemployment linked to AI, rather than wait"
A23_0,Governance of AI must pay attention to its material dimensions
A23_1,must pay attention to its material dimensions e.g. its energy
A25_0,The costs of democratisation of developing and deploying AI outweigh
A24_0,I would accept less regulatory scrutiny of AI development and
A24_1,"less regulatory scrutiny of AI development and deployment, if it"
A24_2,"of AI development and deployment, if it meant that AI"
A22_0,Democratisation of the development and deployment of AI is inherently
A22_1,development and deployment of AI is inherently limited if we
A22_2,of AI is inherently limited if we do not also
A21_0,Decisions about how this tech is developed should not lie
A21_1,this tech is developed should not lie solely in the
A20_0,"Institutions, business and governments need to be transparent in the"
A20_1,governments need to be transparent in the ways they use
A19_0,We should be very weary of AI models being trained
A19_1,very weary of AI models being trained on data previously
A19_2,AI models being trained on data previously generated by other
A18_0,The use of AI needs to be embraced within education
A18_1,AI needs to be embraced within education systems to shift
A18_2,be embraced within education systems to shift away from memorisation
A17_0,AI should be embraced for the public good. Private entities
A17_1,embraced for the public good. Private entities controlling either need
A16_0,AI's potential and pitfalls are overstated by AI 'experts'. The
A15_0,AI will create capacity in the labour market as it
A14_0,We need a permanent global deliberative forum for the regulation
A14_1,permanent global deliberative forum for the regulation of AI development.
A14_2,forum for the regulation of AI development.
A13_0,We must be careful not to conflate dangerous 'language hacking'
A13_1,careful not to conflate dangerous 'language hacking' potential of LLMs
A12_0,The ability for frontier AI models to undermine democracy is
A11_0,"Global AI regulation needs to involve civil society, academia, industry"
A11_1,"needs to involve civil society, academia, industry and the open"
A11_2,"civil society, academia, industry and the open source community to"
A10_0,We need global standards in place to evaluate the environmental
A10_1,standards in place to evaluate the environmental impact of AI
A10_2,to evaluate the environmental impact of AI technologies
A9_0,We need to foster better education and awareness of generative
A9_1,"foster better education and awareness of generative AI, it’s potential"
A9_2,"and awareness of generative AI, it’s potential benefits and it’s"
A8_0,Bias in training data is an area that needs to
A8_1,data is an area that needs to be urgently addresses
A7_0,Global AI regulation needs to empower the open source community
A6_0,My work shows that the data used to train AI
A3_0,I am nervous and pessimistic about the current direction of
A4_0,If we had a visual language for explaining AI systems
A4_1,"a visual language for explaining AI systems to stakeholders, they"
A5_0,"We need multiple approaches to governing AI, Focus on one"
A5_1,"approaches to governing AI, Focus on one too much means"
A2_0,Sovereign AI capacity is essential: it cannot just be private
A2_1,is essential: it cannot just be private companies developing AI.
A2_2,cannot just be private companies developing AI.
A1_0,We need a single *international* approach to AI governance -
A0_0,LLMs like ChatGPT and Bard should give the same answers
A0_1,and Bard should give the same answers to prompts in
A0_2,give the same answers to prompts in Pakistan as they
